{
  "blend_file": "C:\\Users\\CodexSandboxOffline\\.codex\\.sandbox\\cwd\\565e6c755dbd37a\\blender-render-pipeline-git\\workspace\\project\\vtuber-a8\\a6_v16_body_conformed_cleanup2.blend",
  "object": "Body",
  "mesh_stats": {
    "vertices": 14164,
    "edges": 28202,
    "polygons": 14046,
    "triangles": 28092
  },
  "shape_keys": {
    "Eye_L_Look_L": 0.0005240222672000527,
    "Eye_R_Look_L": 0.00013931325520388782,
    "Eye_L_Look_Down": 9.094287815969437e-05,
    "Eye_R_Look_Down": 4.0681879909243435e-05,
    "Jaw_Open": 5.508218237082474e-08,
    "Head_Turn_Down": 8.772976798354648e-06,
    "Head_Turn_L": 0.00022130904835648835,
    "Head_Tilt_R": 0.00016957850311882794,
    "Body_Sculpt_Conform": 1.0
  },
  "body_vertex_count": 8517,
  "bbox_cm": {
    "height_z": 136.93428181577474,
    "width_x": 144.6639895439148,
    "depth_y": 32.379743456840515,
    "min_z": -0.3128662006929517,
    "max_z": 136.6214156150818
  },
  "measurements": {
    "bust": {
      "z_m": 1.23,
      "count": 100,
      "width_cm": 31.077101826667786,
      "depth_cm": 23.463038355112076,
      "circumference_cm": 90.89873997803421,
      "front_y_cm": -12.481467425823212,
      "back_y_cm": 10.981570929288864
    },
    "underbust": {
      "z_m": 1.1,
      "count": 49,
      "width_cm": 21.852988749742508,
      "depth_cm": 15.070898830890656,
      "circumference_cm": 57.059911951645994,
      "front_y_cm": -8.060900866985321,
      "back_y_cm": 7.0099979639053345
    },
    "waist": {
      "z_m": 1.02,
      "count": 67,
      "width_cm": 24.960332363843918,
      "depth_cm": 15.335112065076828,
      "circumference_cm": 65.2065287050356,
      "front_y_cm": -8.817131072282791,
      "back_y_cm": 6.517980992794037
    },
    "hip": {
      "z_m": 0.815,
      "count": 67,
      "width_cm": 38.18847835063934,
      "depth_cm": 25.624055415391922,
      "circumference_cm": 107.47196816551761,
      "front_y_cm": -10.00286266207695,
      "back_y_cm": 15.621192753314972
    },
    "shoulder": {
      "z_m": 1.24,
      "count": 208,
      "width_cm": 75.70653259754181,
      "depth_cm": 22.308150678873062,
      "circumference_cm": 162.9074292212087,
      "front_y_cm": -11.326579749584198,
      "back_y_cm": 10.981570929288864
    }
  },
  "ratios": {
    "bust_to_waist": 1.3940128662456237,
    "hip_to_waist": 1.6481780321671693
  },
  "bra_size_estimate": {
    "underbust_in": 22.464532264427557,
    "bust_in": 35.78690550316308,
    "rounded_band": 24,
    "cup_delta_in": 11.786905503163077,
    "rough_us_size": "24L",
    "common_band_equivalents": {
      "28": "28H",
      "30": "30DDD/F",
      "32": "32D"
    }
  },
  "notes": [
    "Circumferences use convex hulls of horizontal mesh slices, so they are costume/proportion estimates.",
    "The avatar is in a T pose; torso-half-width filtering is used to avoid arm contamination."
  ]
}