{
  "blend_file": "C:\\Users\\14047\\Documents\\VS Code Scripts\\blender-render-pipeline\\blender-render-pipeline-git\\workspace\\project\\vtuber-a8\\a6_v13_anatomy_p1.blend",
  "Body": {
    "exists": true,
    "location": [
      5.25265919648632e-09,
      0.0,
      2.846121738286911e-08
    ],
    "rotation_euler": [
      0.0,
      1.4900709111032029e-08,
      0.0
    ],
    "scale": [
      0.009999998845160007,
      0.009999998845160007,
      0.009999998845160007
    ],
    "matrix_world": [
      [
        0.009999998845160007,
        0.0,
        1.4900707057119433e-10,
        5.25265919648632e-09
      ],
      [
        0.0,
        0.009999998845160007,
        0.0,
        0.0
      ],
      [
        -1.4900707057119433e-10,
        0.0,
        0.009999998845160007,
        2.846121738286911e-08
      ],
      [
        0.0,
        0.0,
        0.0,
        1.0
      ]
    ],
    "bounds": {
      "min": [
        -0.725412130355835,
        -0.1658421903848648,
        0.00017510555335320532
      ],
      "max": [
        0.7222124338150024,
        0.11196744441986084,
        1.6293821334838867
      ],
      "size": [
        1.4476245641708374,
        0.27780963480472565,
        1.6292070279305335
      ]
    },
    "verts": 14164,
    "tris": 28092,
    "materials": [
      "Skin_Head",
      "Skin_Body",
      "Skin_Arm",
      "Skin_Leg",
      "Nails",
      "Eyelash"
    ]
  },
  "Body_Sculpt": {
    "exists": true,
    "location": [
      5.25265919648632e-09,
      0.0,
      2.846121738286911e-08
    ],
    "rotation_euler": [
      0.0,
      0.0,
      0.0
    ],
    "scale": [
      0.009999998845160007,
      0.009999998845160007,
      0.009999998845160007
    ],
    "matrix_world": [
      [
        0.009999998845160007,
        0.0,
        0.0,
        5.25265919648632e-09
      ],
      [
        0.0,
        0.009999998845160007,
        0.0,
        0.0
      ],
      [
        0.0,
        0.0,
        0.009999998845160007,
        2.846121738286911e-08
      ],
      [
        0.0,
        0.0,
        0.0,
        1.0
      ]
    ],
    "bounds": {
      "min": [
        -0.7254186272621155,
        -0.1649170070886612,
        -5.9008201787946746e-05
      ],
      "max": [
        0.7217892408370972,
        0.1594347208738327,
        1.6284693479537964
      ],
      "size": [
        1.4472078680992126,
        0.3243517279624939,
        1.6285283561555843
      ]
    },
    "verts": 225184,
    "tris": 449472,
    "materials": [
      "Skin_Head",
      "Skin_Body",
      "Skin_Arm",
      "Skin_Leg",
      "Nails",
      "Eyelash"
    ]
  }
}